<?xml version="1.0" encoding="utf-8"?>
<UPbReduxFraction xmlns:xsi="http://www.w3.org/2001/XMLSchema-instance" xmlns:xsd="http://www.w3.org/2001/XMLSchema" xmlns="http://www.earth-time.org">
  <sampleName>CM2</sampleName>
  <fractionID>z3</fractionID>
  <ratioType>Pb</ratioType>
  <pedigree>Z:\noahmclean On My Mac\MIT\Redux Work\Synthetic Data\CM2\CM2 Data\CM2_z3_Pb.xls.trip</pedigree>
  <measuredRatios>
    <MeasuredRatioModel>
      <name>206_204</name>
      <value>4870.55396909657</value>
      <uncertaintyType>PCT</uncertaintyType>
      <oneSigma>0.383553595140468</oneSigma>
      <fracCorr>false</fracCorr>
      <oxideCorr>false</oxideCorr>
    </MeasuredRatioModel>
    <MeasuredRatioModel>
      <name>207_204</name>
      <value>242.284717227775</value>
      <uncertaintyType>PCT</uncertaintyType>
      <oneSigma>0.384140694997162</oneSigma>
      <fracCorr>false</fracCorr>
      <oxideCorr>false</oxideCorr>
    </MeasuredRatioModel>
    <MeasuredRatioModel>
      <name>208_204</name>
      <value>964.607481208772</value>
      <uncertaintyType>PCT</uncertaintyType>
      <oneSigma>0.38267491365686</oneSigma>
      <fracCorr>false</fracCorr>
      <oxideCorr>false</oxideCorr>
    </MeasuredRatioModel>
    <MeasuredRatioModel>
      <name>206_207</name>
      <value>20.1028845963408</value>
      <uncertaintyType>PCT</uncertaintyType>
      <oneSigma>0.0353408001739789</oneSigma>
      <fracCorr>false</fracCorr>
      <oxideCorr>false</oxideCorr>
    </MeasuredRatioModel>
    <MeasuredRatioModel>
      <name>206_208</name>
      <value>5.04924935732691</value>
      <uncertaintyType>PCT</uncertaintyType>
      <oneSigma>0.0195195243672855</oneSigma>
      <fracCorr>false</fracCorr>
      <oxideCorr>false</oxideCorr>
    </MeasuredRatioModel>
    <MeasuredRatioModel>
      <name>204_205</name>
      <value>0.000422416916394019</value>
      <uncertaintyType>PCT</uncertaintyType>
      <oneSigma>0.386427377330398</oneSigma>
      <fracCorr>false</fracCorr>
      <oxideCorr>false</oxideCorr>
    </MeasuredRatioModel>
    <MeasuredRatioModel>
      <name>206_205</name>
      <value>2.0528715027243</value>
      <uncertaintyType>PCT</uncertaintyType>
      <oneSigma>0.00773763924868531</oneSigma>
      <fracCorr>false</fracCorr>
      <oxideCorr>false</oxideCorr>
    </MeasuredRatioModel>
    <MeasuredRatioModel>
      <name>207_205</name>
      <value>0.1021200943936</value>
      <uncertaintyType>PCT</uncertaintyType>
      <oneSigma>0.0350433464694168</oneSigma>
      <fracCorr>false</fracCorr>
      <oxideCorr>false</oxideCorr>
    </MeasuredRatioModel>
    <MeasuredRatioModel>
      <name>208_205</name>
      <value>0.406571557334951</value>
      <uncertaintyType>PCT</uncertaintyType>
      <oneSigma>0.0176409070387518</oneSigma>
      <fracCorr>false</fracCorr>
      <oxideCorr>false</oxideCorr>
    </MeasuredRatioModel>
    <MeasuredRatioModel>
      <name>202_205</name>
      <value>0.0</value>
      <uncertaintyType>PCT</uncertaintyType>
      <oneSigma>0.0</oneSigma>
      <fracCorr>false</fracCorr>
      <oxideCorr>false</oxideCorr>
    </MeasuredRatioModel>
    <MeasuredRatioModel>
      <name>233_236</name>
      <value>0.0</value>
      <uncertaintyType>PCT</uncertaintyType>
      <oneSigma>0.0</oneSigma>
      <fracCorr>false</fracCorr>
      <oxideCorr>false</oxideCorr>
    </MeasuredRatioModel>
    <MeasuredRatioModel>
      <name>238_235</name>
      <value>0.0</value>
      <uncertaintyType>PCT</uncertaintyType>
      <oneSigma>0.0</oneSigma>
      <fracCorr>false</fracCorr>
      <oxideCorr>false</oxideCorr>
    </MeasuredRatioModel>
    <MeasuredRatioModel>
      <name>233_235</name>
      <value>0.0</value>
      <uncertaintyType>PCT</uncertaintyType>
      <oneSigma>0.0</oneSigma>
      <fracCorr>false</fracCorr>
      <oxideCorr>false</oxideCorr>
    </MeasuredRatioModel>
    <MeasuredRatioModel>
      <name>238_233</name>
      <value>0.0</value>
      <uncertaintyType>PCT</uncertaintyType>
      <oneSigma>0.0</oneSigma>
      <fracCorr>false</fracCorr>
      <oxideCorr>false</oxideCorr>
    </MeasuredRatioModel>
  </measuredRatios>
  <meanAlphaU>0.0</meanAlphaU>
  <meanAlphaPb>0.0</meanAlphaPb>
  <r18O16O>0.00205</r18O16O>
  <labUBlankMass>0</labUBlankMass>
  <r238235b>0</r238235b>
  <r238235s>0</r238235s>
  <tracerMass>0</tracerMass>
</UPbReduxFraction>